Changelog	Değişiklik Günlüğü
Sources and verification	Kaynaklar ve Doğrulama
Sources and Verification	Kaynaklar ve Doğrulama
Community evidence	Topluluk Kanıtı
Troubleshooting	Sorun Giderme
Database	Veritabanı
Path of Exile 2 official 0.5.4 Patch Notes	Path of Exile 2 official 0.5.4 Patch Notes
Community discussion	Topluluk Tartışması
—	—
FAQ	SSS
Opening / Entering the arena	arenaya giriş / başlangıç
Kill / Reward	öldürme / ödül
Exile2 Guides editorial diagram	Exile2 Guides editoryal diyagramı
Official source	Resmi kaynak
Direct answers	Doğrudan yanıtlar
Quick answer	Hızlı yanıt
Acquisition	Edinim
Patch history	Yama geçmişi
Related Guides	İlgili rehberler
Verified boss-fight footage	Doğrulanmış boss dövüşü görüntüsü
Problems and direct answers	Sorunlar ve doğrudan yanıtlar
Connected content	Bağlantılı içerik
0.5.4e	0.5.4e
PoE2 Official Patch Notes Forum	PoE2 Official Patch Notes Forum
0.5.4	0.5.4
Quick facts	Hızlı bilgiler
Pre-Fight Preparation Checklist	Dövüş öncesi hazırlık kontrol listesi
PoE2 Wiki	PoE2 Wiki
Reddit question	Reddit sorusu
Video Guides	Video rehberleri
Official Path of Exile 2	Official Path of Exile 2
Path of Exile 2 Early Access forum index	Path of Exile 2 Early Access forum index
Video walkthrough	Video anlatımı
None	Yok
GUIDE	REHBER
Remember These First	Bunları önce hatırlayın
Media Gallery	Medya galerisi
Verified creator recording of the boss fight.	Boss dövüşünün doğrulanmış içerik üretici kaydı.
Pros and Cons	Artılar ve eksiler
Upgrade Priority	Yükseltme önceliği
Grinding Gear Games — Path of Exile 2 0.5.4 Patch Notes	Grinding Gear Games — Path of Exile 2 0.5.4 Patch Notes
Community Evidence	Topluluk kanıtı
Stat Priority	İstatistik önceliği
Video guide	Video rehberi
Build Considerations	Build değerlendirmeleri
Community Questions and Evidence	Topluluk soruları ve kanıtı
Common Problems and Fixes	Yaygın sorunlar ve çözümleri
Rewards and Drops	Ödüller ve düşenler
Article Changelog	Makale değişiklik günlüğü
Current applicability (0.5.4e)	Güncel uygulanabilirlik (0.5.4e)
Category	Kategori
Builds and video	Build'ler ve video
Attack Recognition and Response	Saldırı tanıma ve tepki
0.2.0	0.2.0
Quick summary	Hızlı özet
Avoid	Kaçının
Frequently asked questions	Sıkça sorulan sorular
0.1.0	0.1.0
Community guide	Topluluk rehberi
0.5.0	0.5.0
Forum question	Forum sorusu
Historical video	Tarihsel video
Path of Exile 2 Official Patch Notes	Path of Exile 2 Official Patch Notes
Mapping Rotation	Harita dönüşü
Passive Tree	Pasif ağaç
Quality	Kalite
0.3.0	0.3.0
Video Walkthrough and Timestamps	Video anlatımı ve zaman damgaları
Official Forums	Resmi forumlar
Patch History	Yama geçmişi
Check first	Önce kontrol edin
PoE2 Community Wiki	PoE2 Community Wiki
Movement speed	Hareket hızı
Support Compatibility	Destek uyumu
Use for	Kullanım amacı
Video and timestamps	Video ve zaman damgaları
Hotfix	Düzeltme yaması
How to Reach	Nasıl ulaşılır
Required	Gerekli
Leveling Path	Seviye atlatma yolu
Mapping	Haritalama
Pre-use checklist	Kullanım öncesi kontrol listesi
Act 2	Act 2
Build overview	Build genel bakış
Campaign	Kampanya
Intro	Giriş
Introduction	Giriş
Build usage	Build kullanımı
WIKI	WİKİ
Requirements	Gereksinimler
Still current	Hâlâ güncel
Reddit Community	Reddit topluluğu
Combat Phases	Dövüş aşamaları
Reward	Ödül
Gear	Ekipman
Community wiki	Topluluk wiki'si
Guide	Rehber
Then vs now	O zaman ve şimdi
Weapon requirement	Silah gereksinimi
Zone	Bölge
Damage	Hasar
Video Guide	Video rehberi
Risk and failure cost	Risk ve başarısızlık maliyeti
DATABASE	VERİTABANI
Affected content	Etkilenen içerik
Act 3	Act 3
Source	Kaynak
Weapon	Silah
Life	Can
Bossing	Boss dövüşü
Endgame	Endgame
Note	Not
Media gallery	Medya galerisi
Arena Reading	Arena okuması
TheBugWarrior	TheBugWarrior
Official Patch Notes — https://www.pathofexile.com/forum/view-thread/3975218	Official Patch Notes — https://www.pathofexile.com/forum/view-thread/3975218
Reddit r/pathofexile2	Reddit r/pathofexile2
Exile2 Guides Editorial Team	Exile2 Guides Editorial Team
hero reference frame	Kahraman referans karesi
arena reference frame	Arena referans karesi
phase reference frame	Aşama referans karesi
attack reference frame	Saldırı referans karesi
annotated reference frame	Açıklamalı referans karesi
Overview	Genel bakış
Is This Build Right For You?	Bu build sizin için doğru mu?
Defensive Layers	Savunma katmanları
Build Planner	Build planlayıcı
Official / Patch	Resmi / yama
Build Overview	Build genel bakışı
Build Planner & Import	Build planlayıcı ve içe aktar
VIDEO	VİDEO
Path of Exile 2 0.5.4 Patch Notes	Path of Exile 2 0.5.4 Patch Notes
Historical warning	Tarihsel uyarı
Path of Exile 2 official 0.1.0 Early Access announcement	Path of Exile 2 official 0.1.0 Early Access announcement
Path of Exile 2 official 0.1.0 FAQ and systems	Path of Exile 2 official 0.1.0 FAQ and systems
Path of Exile 2 official 0.1.0 launch notes	Path of Exile 2 official 0.1.0 launch notes
Key Stats and Acquisition	Temel istatistikler ve edinim
Bossing Rotation	Boss dönüşü
Quick Answer	Hızlı yanıt
Build Usage	Build kullanımı
Frequently Asked Questions	Sıkça sorulan sorular
Video	Video
Resistances	Dirençler
Waystones	Waystones
Official 0.3.0 notes	Official 0.3.0 notes
Recommended Support Gems	Önerilen destek gem'leri
Exile2 Guides editorial placeholder	Exile2 Guides editoryal yer tutucu
Maxroll PoE2	Maxroll PoE2
Trigger	Tetik
Act 1	Act 1
Screenshot via Sportskeeda (Grinding Gear Games)	Sportskeeda (Grinding Gear Games) aracılığıyla ekran görüntüsü
Core	Çekirdek
Tradeable	Takaslanabilir
Alternatives	Alternatifler
Base Type	Temel tür
Uncut Skill Gem	Uncut Skill Gem
Count Geonor	Count Geonor
Vessel of Kulemak	Vessel of Kulemak
Body Armour	Gövde zırhı
Stage	Aşama
Early maps	Erken haritalar
<span class="pill pill--green">On Cruel</span>	<span class="pill pill--green">Zalim üzerinde</span>
Required Level	Gerekli seviye
Limited to	Şuyla sınırlı
Risk analysis	Risk analizi
0.1.0e	0.1.0e
Official 0.2.0 notes	Official 0.2.0 notes
Skill Interactions	Beceri etkileşimleri
Quick Facts	Hızlı bilgiler
Top search questions: entry, materials, failure cost	En çok aranan sorular: giriş, materyaller, başarısızlık maliyeti
#attacks	#attacks
Jewels	Mücevherler
Skills	Beceriler
Mobalytics Build Planner export	Mobalytics Build Planlayıcı dışa aktarımı
Early Maps	Erken haritalar
Result	Sonuç
Common mistakes	Yaygın hatalar
Vaal Orb	Vaal Orb
Rarity	Nadirlik
0.4.0	0.4.0
0.5.x	0.5.x
Content Update	İçerik güncellemesi
Official 0.2.0 launch hotfixes	Official 0.2.0 launch hotfixes
Situational	Durumsal
Problems and Direct Answers	Sorunlar ve doğrudan yanıtlar
Guides	Rehberler
Update Log	Güncelleme günlüğü
Mobalytics Guide — https://mobalytics.gg/poe-2/guides	Mobalytics Guide — https://mobalytics.gg/poe-2/guides
Boss showcase	Boss gösterimi
Cast Speed	Büyüleme hızı
Rings / Amulet / Belt	Yüzükler / muska / kuşak
Recommended	Önerilen
Community creator	Topluluk içerik üreticisi
Radius	Yarıçap
Drop source	Düşme kaynağı
Outcomes by situation	Duruma göre sonuçlar
#overview	#overview
0.5.2	0.5.2
0.3.1	0.3.1
Patch family timeline	Yama ailesi zaman çizelgesi
Returning player checklist	Geri dönen oyuncu kontrol listesi
Location, Access and Failure Cost	Konum, erişim ve başarısızlık maliyeti
Campaign stage	Kampanya aşaması
Fight type	Dövüş türü
On death	Ölümde
Phase Breakdown	Aşama dökümü
Attack Reference	Saldırı referansı
Physical	Fiziksel
What Players Commonly Struggle With	Oyuncuların yaygın olarak zorlandığı şeyler
Chaos resistance gearing	Kaos direnci ekipmanlaması
Capped Chaos Resistance	Tavan kaos direnci
Loot pool	Ganimet havuzu
Maxroll Guide — https://maxroll.gg/poe2	Maxroll Guide — https://maxroll.gg/poe2
Mobalytics PoE2	Mobalytics PoE2
Screenshot via IGN (Grinding Gear Games)	IGN (Grinding Gear Games) aracılığıyla ekran görüntüsü
Type	Tür
Sustain	Sürdürme
Leveling	Seviye atlatma
Ascendancy	Yükseliş
Chaos Res	Kaos direnci
Hard late-game need, not native.	Zorlu endgame ihtiyacı, doğal değil.
Case	Durum
2026-08-01 (pending client 0.5.4d)	2026-08-01 (pending client 0.5.4d)
Effect	Etki
Valuation: use, sell, or hold	Değerlendirme: kullan, sat veya tut
Megalomaniac	Megalomaniac
0.5.4 (Runes of Aldur, current)	0.5.4 (Runes of Aldur, current)
Properties and modifier lines	Özellikler ve değiştirici satırları
Current-status claims on this page are measured against client 0.5.4e.	Bu sayfadaki güncel durum iddiaları 0.5.4e istemcisine göre ölçülür.
Index of all official EA patch and hotfix threads referenced above.	Yukarıda referans verilen tüm resmi EA yama ve düzeltme yaması başlıklarının dizini.
0.1.0c	0.1.0c
weapon-set-passive-points-explained guide	weapon-set-passive-points-explained guide
Path of Exile 2 official 0.2.0 Patch Notes	Path of Exile 2 official 0.2.0 Patch Notes
Affected content queue	Etkilenen içerik kuyruğu
Support Loadouts	Destek dizilimleri
Magnified Area	Büyütülmüş alan
Rewards and Progression	Ödüller ve ilerleme
Video Guide with Timestamps	Zaman damgalı video rehberi
Sources, Verification and Update Log	Kaynaklar, doğrulama ve güncelleme günlüğü
Video guide cover with chapter timestamps.	Bölüm zaman damgalı video rehber kapağı.
Where	Nerede
Cap chaos res	Kaos direncini tavanla
Patch	Yama
Verify chaos res at 75% cap.	Kaos direncini %75 tavanında doğrulayın.
Frame from YouTube — TheBugWarrior	Frame from YouTube — TheBugWarrior
First step	İlk adım
Encounter Overview	Karşılaşma genel bakışı
Phase 1 — Single Continuous Fight	Aşama 1 — tek sürekli dövüş
Resistances and life	Dirençler ve can
Energy Shield	Enerji kalkanı
Levels 1–14	Seviyeler 1–14
1–14	1–14
Twister	Twister
Skill type	Beceri türü
Notes	Notlar
Trial of Chaos	Kaos denemesi
System	Sistem
The Adorned	The Adorned
Reddit - r/PathOfExile2	Reddit - r/PathOfExile2
Unique	Benzersiz
Tablets	Tabletler
Liquid Verisium	Liquid Verisium
0.1.0d	0.1.0d
Current status (0.5.4e)	Güncel durum (0.5.4e)
Current in-site entry	Güncel site içi giriş
0.1.0b	0.1.0b
early-atlas-progression-waystone-sustain guide	early-atlas-progression-waystone-sustain guide
Impact dashboard	Etki panosu
Official 0.4.0 notes	Official 0.4.0 notes
0.5.1	0.5.1
Fork	Çatal
Retry at checkpoint	Kontrol noktasında yeniden dene
Damage Profile	Hasar profili
Strategy and Key Mechanics	Strateji ve temel mekanikler
Patch notes and official naming used to confirm the current version and changes.	Güncel sürümü ve değişiklikleri doğrulamak için kullanılan yama notları ve resmi adlandırma.
Boss, area and reward data used to cross-check entity names, phases and loot.	Varlık adlarını, aşamaları ve ganimeti çapraz kontrol etmek için kullanılan boss, alan ve ödül verileri.
Independent fight guides used to cross-verify phases, attacks and build handling.	Aşamaları, saldırıları ve build yönetimini çapraz doğrulamak için kullanılan bağımsız dövüş rehberleri.
Reddit and forum threads used to find high-frequency player failures. Not used as standalone mechanic fact.	Yüksek frekanslı oyuncu başarısızlıklarını bulmak için kullanılan Reddit ve forum başlıkları. Mekanik gerçeği olarak tek başına kullanılmaz.
Atmospheric identification art; does not convey mechanics.	Atmosferik tanımlama sanatı; mekanikleri iletmez.
Annotated arena: safe zones, attack paths and danger overlap.	Açıklamalı arena: güvenli bölgeler, saldırı yolları ve tehlike örtüşmesi.
Phase reference screenshot with telegraph annotations.	Telgraf açıklamalı aşama referans ekran görüntüsü.
Original editorial diagram of the core mechanic and safe route.	Çekirdek mekaniğin ve güvenli rotanın orijinal editoryal diyagramı.
Annotated attack wind-up frame showing danger zone.	Tehlike bölgesini gösteren açıklamalı saldırı hazırlık karesi.
poe2wiki Act 2 zone and quest data	poe2wiki Act 2 zone and quest data
Mobalytics PoE 2 campaign guides	Mobalytics PoE 2 campaign guides
Movement	Hareket
Gear Drops	Ekipman düşenleri
Reddit Community — https://www.reddit.com/r/pathofexile2/	Reddit Community — https://www.reddit.com/r/pathofexile2/
Cross-checked against the 0.5.4 client and multiple independent guide sources.	0.5.4 istemcisine ve birden fazla bağımsız rehber kaynağına karşı çapraz kontrol edildi.
Generated from the 0.5.4 client and multiple guide sources, including phases, attack table, community evidence and reward flow.	Aşamalar, saldırı tablosu, topluluk kanıtı ve ödül akışı dahil olmak üzere 0.5.4 istemcisinden ve birden fazla rehber kaynağından oluşturuldu.
Videos embed verified creator boss-fight recordings (watch?v= format); art uses real frames from the matching boss.	Videolar doğrulanmış içerik üretici boss dövüşü kayıtlarını gömülüdür (watch?v= formatı); sanat eşleşen boss'tan gerçek kareler kullanır.
Internally verified and auto-approved for publication.	Dahili olarak doğrulandı ve yayın için otomatik onaylandı.
Reward flow	Ödül akışı
Phases & Fight Flow	Aşamalar ve dövüş akışı
Kill (quest drop)	Öldürme (görev düşmesi)
Cross-checked against the 0.5.4 client, PoE2 Wiki, official patch notes and multiple independent current-version guides and boss-fight videos.	0.5.4 istemcisine, PoE2 Wiki'ye, resmi yama notlarına ve birden fazla bağımsız güncel sürüm rehberine ve boss dövüşü videolarına karşı çapraz kontrol edildi.
Internally verified and auto-approved for publication (automated-evidence-gate).	Dahili olarak doğrulandı ve yayın için otomatik onaylandı (otomatik kanıt kapısı).
Boots with movement speed.	Hareket hızlı çizmeler.
Alternate creator footage	Alternatif içerik üretici görüntüsü
Initial version generated from 0.5.4 patch notes and community guides, including phases, attack table, community evidence and rewards.	Aşamalar, saldırı tablosu, topluluk kanıtı ve ödüller dahil olmak üzere 0.5.4 yama notlarından ve topluluk rehberlerinden oluşturulan ilk sürüm.
Videos embed verified creator boss-fight recordings (watch?v= format).	Videolar doğrulanmış içerik üretici boss dövüşü kayıtlarını gömülüdür (watch?v= formatı).
Promoted to published after PC content verification.	PC içerik doğrulamasından sonra yayınlandı olarak yükseltildi.
Media art and video IDs replaced with verified official/creator sources.	Medya sanatı ve video kimlikleri doğrulanmış resmi/içerik üretici kaynaklarıyla değiştirildi.
Boss key art / fight still	Boss ana sanatı / dövüş karesi
Arena and encounter layout	Arena ve karşılaşma düzeni
Phase and telegraph reference	Aşama ve telgraf referansı
Signature attack reference	İmza saldırı referansı
Annotated strategy frame	Açıklamalı strateji karesi
Mobalytics PoE2 Guide	Mobalytics PoE2 Guide
Maxroll PoE2 Bosses	Maxroll PoE2 Bosses
Path of Exile 2 Official Forums (0.5 patch notes)	Path of Exile 2 Official Forums (0.5 patch notes)
Fourth-batch source-reviewed publication. Cross-verified from official 0.5 patch notes, current creator guides, an independent build guide, a planner, a current gameplay video and community questions.	Dördüncü grup kaynak-incelenmiş yayın. Resmi 0.5 yama notlarından, güncel içerik üretici rehberlerinden, bağımsız bir build rehberinden, bir planlayıcıdan, güncel bir oyun görüntüsünden ve topluluk sorularından çapraz doğrulandı.
Skills and Supports	Beceriler ve destekler
Budget Variants	Bütçe varyantları
Rare Rotation	Nadir dönüş
Boss Rotation	Boss dönüşü
Community Voices	Topluluk sesleri
Short paraphrases of common community questions and concerns, edited for clarity. Not verbatim quotes.	Yaygın topluluk sorularının ve endişelerinin netlik için düzenlenmiş kısa özetleri. Kelimesi kelimesine alıntı değildir.
Questions and Answers	Sorular ve yanıtlar
Leveling route	Seviye atlatma rotası
Gear and uniques	Ekipman ve benzersizler
Mapping rotation	Harita dönüşü
Current 0.5 gameplay footage demonstrating the leveling, mapping and boss rotations.	Seviye atlatma, haritalama ve boss dönüşlerini gösteren güncel 0.5 oyun görüntüsü.
Watch the rotation and gear before copying socket or unique choices.	Yuva veya benzersiz seçimleri kopyalamadan önce dönüşü ve ekipmanı izleyin.
Importable planner for the current 0.5 variant. Import in-game via the official build planner tool; adjust skill levels and uniques to your budget.	Güncel 0.5 varyantı için içe aktarılabilir planlayıcı. Oyunun içinde resmi build planlayıcı aracıyla içe aktarın; beceri seviyelerini ve benzersizleri bütçenize göre ayarlayın.
Path of Exile 2 Official Forums	Path of Exile 2 Official Forums
poe.ninja Build Statistics	poe.ninja Build Statistics
Gear and Stat Priorities	Ekipman ve istatistik öncelikleri
Community Questions	Topluluk soruları
Creator Video	İçerik üretici videosu
Build Statistics	Build istatistikleri
Initial published guide for patch 0.5 (Return of the Ancients).	Yama 0.5 (Return of the Ancients) için ilk yayınlanan rehber.
Open the creator's video for the live skill tree and gear. A copy-paste import string is added after in-client verification.	Canlı beceri ağacı ve ekipman için içerik üreticinin videosunu açın. Kopyala-yapıştır içe aktarma dizisi, istemci içi doğrulamadan sonra eklenir.
Original editorial illustration by Exile2 Guides	Exile2 Guides tarafından orijinal editoryal illüstrasyon
Staged Configuration	Aşamalı yapılandırma
Main Skill	Ana beceri
Key Support	Ana destek
Passive Focus	Pasif odağı
Gear Goal	Ekipman hedefi
Transition Condition	Geçiş koşulu
Ronarray	Ronarray
External tool	Harici araç
Created the sourced 0.5.4 build guide; PC verification is pending.	Kaynaklı 0.5.4 build rehberini oluşturdu; PC doğrulaması beklemede.
Levels 15–29	Seviyeler 15–29
15–29	15–29
30–42	30–42
Levels 43–60 — Early Maps	Seviyeler 43–60 — erken haritalar
43–60	43–60
Skill Setup	Beceri kurulumu
Core Skills	Çekirdek beceriler
Ascendancy Order	Yükseliş sırası
Body / Boots / Helmet	Gövde / çizme / miğfer
Life and two capped resistances	Can ve iki tavanlı direnç
Un-equippable is useless.	Kuramıyorsanız işe yaramaz.
Late-game damage.	Endgame hasarı.
Clear slows	Temizleme yavaşlamaları
This guide uses community discussion as a reproducible checklist, not a promise of their shown DPS.	Bu rehber, topluluk tartışmasını tekrarlanabilir bir kontrol listesi olarak kullanır, gösterdikleri DPS'in vaadi olarak değil.
Summary	Özet
Sources & Verification	Kaynaklar ve doğrulama
Ice Shot	Ice Shot
Boss	Boss
State	Durum
What players report	Oyuncuların bildirdikleri
Common problems	Yaygın sorunlar
Step	Adım
Path of Exile 2 official 0.5.4d Patch Notes	Path of Exile 2 official 0.5.4d Patch Notes
Leech	Emme
Spirit	Ruh
Against the Darkness	Against the Darkness
Inventory space only	Yalnızca envanter alanı
From Nothing	From Nothing
Patch 0.5.4 (Runes of Aldur)	Patch 0.5.4 (Runes of Aldur)
Path of Exile 2 0.5.4 patch notes and official item documentation.	Path of Exile 2 0.5.4 yama notları ve resmi eşya dokümantasyonu.
0.5.0 (Return of the Ancients)	0.5.0 (Return of the Ancients)
Current vs legacy	Güncel ve eski
Diamond	Elmas
Corrupted	Çürümeli
Item class	Eşya sınıfı
Use, sell or hold	Kullan, sat veya tut
All current-rule claims below are checked against 0.5.4e	Aşağıdaki tüm güncel kural iddiaları 0.5.4e'ye göre kontrol edilir
Early Access Launch	Erken erişim lansmanı
Forum (launch week 0.1.0)	Forum (lansman haftası 0.1.0)
YouTube comment (0.1.0 footage)	YouTube yorumu (0.1.0 görüntüsü)
Path of Exile 2 — Official Early Access Announcement	Path of Exile 2 — Official Early Access Announcement
Official reveal of the 0.1.0 class and endgame direction. Read alongside the launch-hotfix notes for what changed in the first week.	0.1.0 sınıfının ve endgame yönünün resmi açıklaması. İlk hafta değişenler için lansman-düzeltme yaması notlarıyla birlikte okuyun.
Class reveal	Sınıf açıklaması
Endgame and Atlas	Endgame ve atlas
Launch state	Lansman durumu
Official launch notes covering the class, campaign and endgame scope.	Sınıfı, kampanyayı ve endgame kapsamını kapsayan resmi lansman notları.
Current (0.5.4e)	Güncel (0.5.4e)
Later changes to watch	İzlenecek sonraki değişiklikler
Path of Exile 2 — official patch communication	Path of Exile 2 — official patch communication
Official communication for this version family. Read alongside the patch notes for what changed and how later patches rewrote it.	Bu sürüm ailesi için resmi iletişim. Nelerin değiştiğini ve sonraki yamaların nasıl yeniden yazdığını görmek için yama notlarıyla birlikte okuyun.
Patch overview	Yama genel bakışı
Loot and system changes	Ganimet ve sistem değişiklikleri
Current impact	Güncel etki
Official patch thread carrying the version's stated changes, deployment order and follow-up clarifications.	Sürümün belirtilen değişikliklerini, dağıtım sırasını ve takip açıklamalarını taşıyan resmi yama başlığı.
Index of all official EA patch and hotfix threads referenced on this page.	Bu sayfada referans verilen tüm resmi EA yama ve düzeltme yaması başlıklarının dizini.
Current skill, item, boss and modifier data cross-checked against the live client for current-applicability claims.	Güncel uygulanabilirlik iddiaları için güncel beceri, eşya, boss ve değiştirici verileri canlı istemciye karşı çapraz kontrol edildi.
PoE2DB	PoE2DB
Database entries for the skills, items and modifiers referenced in this article.	Bu makalede referans verilen beceriler, eşyalar ve değiştiriciler için veritabanı girişleri.
Community build and system guides used for player-impact cross-checks, not as a primary fact source.	Oyuncu etkisi çapraz kontrolleri için kullanılan topluluk build ve sistem rehberleri, birincil gerçek kaynağı olarak değil.
Published the historical patch article with current-applicability checks against client 0.5.4e.	İstemci 0.5.4e'ye karşı güncel uygulanabilirlik kontrolleriyle tarihsel yama makalesini yayınladı.
Path of Exile 2 official 0.2.0f Patch Notes	Path of Exile 2 official 0.2.0f Patch Notes
Official 0.2.1 notes	Official 0.2.1 notes
Where It Is Used	Nerede kullanılır
Exile2 Guides Editorial	Exile2 Guides Editorial
Chain	Zincir
Wiki	Wiki
30 Spirit	30 Ruh
Best role	En iyi rol
Key Properties and Acquisition	Temel özellikler ve edinim
Role and Differences Across Builds	Rol ve build'ler arasındaki farklar
Video Demo and Timestamps	Video demosu ve zaman damgaları
Databases	Veritabanları
PoE2DB Skill Gem Database	PoE2DB Skill Gem Database
No material cost.	Malzeme maliyeti yok.
Fight starts at full health.	Dövüş tam sağlıkla başlar.
Fire	Ateş
Guide channel	Rehber kanalı
Current-patch fight video (Guide channel).	Güncel yama dövüş videosu (rehber kanalı).
Current-patch fight video (Community guide).	Güncel yama dövüş videosu (topluluk rehberi).
Sibling Horn of the Vastiri branch.	Vastiri dalının kardeş dalı.
Movement-speed suffix.	Hareket hızı soneki.
Verified boss-fight footage (TheBugWarrior).	Doğrulanmış boss dövüşü görüntüsü (TheBugWarrior).
Campaign route	Kampanya rotası
Attack table	Saldırı tablosu
Xesht, We That Are One	Xesht, We That Are One
Structure	Yapı
Gear and Uniques	Ekipman ve benzersizler
Skills and Support Gems	Beceriler ve destek gem'leri
Mapping Loop	Haritalama döngüsü
Only after defenses are solved.	Yalnızca savunmalar çözüldükten sonra.
Core skills	Çekirdek beceriler
60+	60+
Explosive Shot	Explosive Shot
Worked examples	Çalışılmış örnekler
Trial of Sekhemas	Sekhemas denemesi
Mechanic	Mekanik
n/a	Yok
Chaos Orb	Chaos Orb
Simulacrum	Simulacrum
Varies	Değişir
Cost	Maliyet
Soul Core	Soul Core
Not valid in Sinister Sockets	Uğursuz yuvalarda geçersiz
Primary hero capture for the article card and header.	Makale kartı ve başlığı için birincil kahraman görüntüsü.
Controlled Metamorphosis	Controlled Metamorphosis
Traders	Tüccarlar
Liquid Emotions	Liquid Emotions
Current tooltip and roll ranges	Güncel araç ipucu ve değer aralıkları
0.5.4b	0.5.4b
0.1.0e, 0.3.0	0.1.0e, 0.3.0
Document current skill behaviour versus launch.	Güncel beceri davranışını lansmana karşı belgeleyin.
Official launch communication confirming the class, campaign and endgame scope of 0.1.0.	0.1.0'ın sınıfını, kampanyasını ve endgame kapsamını doğrulayan resmi lansman iletişimi.
Official detail on the launch systems, progression model and endgame.	Lansman sistemleri, ilerleme modeli ve endgame hakkında resmi detay.
Current-status claims measured against client 0.5.4e.	Güncel durum iddiaları 0.5.4e istemcisine göre ölçülür.
Support Gem page	Destek gem'i sayfası
Official 0.4.0i notes	Official 0.4.0i notes
Player impact in 30 seconds	30 saniyede oyuncu etkisi
Known issues	Bilinen sorunlar
Mobalytics — PoE2 Builds	Mobalytics — PoE2 Builds
Role in Builds	Build'lerdeki rol
Build and video	Build ve video
KaidGames2	KaidGames2
Arbiter of Ash	Arbiter of Ash
Remember These Three Things First	Bunları önce üç şeyi hatırlayın
Phase breakdown	Aşama dökümü
Physical mitigation	Fiziksel azaltma
Kill	Öldür
Main damage	Ana hasar
Free a slot before the kill.	Öldürmeden önce bir yuva boşaltın.
Act 1 final boss and the Act 1 campaign gate.	Act 1 son boss'u ve Act 1 kampanya kapısı.
Attacks	Saldırılar
Mobility	Hareketlilik
Phase 1 — Single Continuous Fight (mechanic)	Aşama 1 — tek sürekli dövüş (mekamik)
Phase 1 — Single Continuous Fight (mid-fight)	Aşama 1 — tek sürekli dövüş (dövüş ortasında)
Phase 1 — Single Continuous Fight (enrage)	Aşama 1 — tek sürekli dövüş (öfke)
After victory	Zaferden sonra
Tier	Tier
Phase 1 — Continuous Fight (Escalating)	Aşama 1 — sürekli dövüş (tırmanan)
Spirit Budget	Ruh bütçesi
Cast speed	Büyüleme hızı
Boss Loop	Boss döngüsü
Strength	Güç
Attack speed	Saldırı hızı
Movement speed on boots	Çizmelerde hareket hızı
Explicit DPS affixes	Açık DPS önekleri
Which resistances are uncapped?	Hangi dirençler tavanlı değil?
Single-target loop stops	Tek hedef döngüsü durur
Copied endgame gear feels worse	Kopyalanan endgame ekipmanı daha kötü hissettiriyor
Level 60+ — Endgame Prep	Seviye 60+ — endgame hazırlığı
Life and resistances	Can ve dirençler
Comet	Comet
Survival gate	Hayatta kalma kapısı
Resistances (cap)	Dirençler (tavan)
Completes the defense shell.	Savunma kabuğunu tamamlar.
Explosive Grenade	Explosive Grenade
Supports	Destekler
Intro and concept	Giriş ve konsept
Barrage	Barrage
Bow	Yay
Attributes	Nitelikler
Lightning Spear Amazon	Lightning Spear Amazon
Spark Gemling Legionnaire	Spark Gemling Legionnaire
Armour	Zırh
Community experiences; treat as strategy, not guaranteed math.	Topluluk deneyimleri; strateji olarak değerlendirin, garantili matematik değil.
What is happening?	Ne oluyor?
Row 4	Satır 4
Risk	Risk
Creator guide	İçerik üretici rehberi
Sometimes - can deal any type	Bazen - her türde hasar verebilir
Exalted Orb	Exalted Orb
Setup	Kurulum
Common points of confusion	Yaygın kafa karıştırıcı noktalar
What it does	Ne yapar
Path of Exile 2 official 0.5.4 Patch Preview	Path of Exile 2 official 0.5.4 Patch Preview
Currency	Para birimi
Community questions	Topluluk soruları
#usage	#usage
Jewels and Jewel Sockets	Mücevherler ve mücevher yuvaları
0.2.0 (Dawn of the Hunt)	0.2.0 (Dawn of the Hunt)
Use it	Onu kullanın
How to use it	Nasıl kullanılır
Runes and Soul Cores	Rünler ve ruh çekirdekleri
Current versus legacy	Güncel ve eski
Catalysts	Catalysts
The current Early Access patch context for this item.	Bu eşya için güncel erken erişim yama bağlamı.
Outcomes by goal	Hedefe göre sonuçlar
#eligibility	#eligibility
Cooldown	Bekleme süresi
Required level	Gerekli seviye
Lightning Arrow	Lightning Arrow
Patch history and current vs legacy	Yama geçmişi ve güncel ve eski
Content	İçerik
Later line	Sonraki satır
Respec cost	Yeniden dağıtım maliyeti
Economy Patch	Ekonomi yaması
Class and build guides	Sınıf ve build rehberleri
artificers-orb item page	artificers-orb item page
0.2.0h	0.2.0h
Path of Exile 2 official 0.3.0 Patch Notes	Path of Exile 2 official 0.3.0 Patch Notes
Path of Exile 2 official 0.4.0 Patch Notes	Path of Exile 2 official 0.4.0 Patch Notes
Path of Exile 2 official 0.4.0i Patch Notes	Path of Exile 2 official 0.4.0i Patch Notes
Atziri Temple guide	Atziri Temple guide
Path of Exile 2 official 0.4.0d Patch Notes	Path of Exile 2 official 0.4.0d Patch Notes
Path of Exile 2 official 0.4.0e Patch Notes	Path of Exile 2 official 0.4.0e Patch Notes
Official changes, reorganised by player problem	Oyuncu sorununa göre yeniden düzenlenen resmi değişiklikler
If character uses random type	Karakter rastgele tür kullanıyorsa
Mana cost	Mana maliyeti
Lightning Penetration	Şimşek nüfuzu
Duration	Süre
Hardest phase	En zor aşama
Best reward	En iyi ödül
Preparation checklist	Hazırlık kontrol listesi
Attack response table	Saldırı tepki tablosu
Official patch notes	Resmi yama notları
Community databases	Topluluk veritabanları
Fixed prototype video placeholder link.	Sabitlenmiş prototip video yer tutucu bağlantısı.
Hero image for identification and atmosphere.	Kimlik ve atmosfer için kahraman görseli.
PhazePlays	PhazePlays
Atziri, the Red Queen	Atziri, the Red Queen
Fire resistance	Ateş direnci
Reward Claim Flow	Ödül talep akışı
Physical / Chaos	Fiziksel / kaos
Fight start.	Dövüş başlangıcı.
Interlude route	Ara bölüm rotası
Chaos rolls, charm, corrupted gear.	Kaos değerleri, tılsım, çürümeli ekipman.
Ignagduk, the Bog Witch	Ignagduk, the Bog Witch
The Crowbell	The Crowbell
Screenshot via Destructoid	Destructoid aracılığıyla ekran görüntüsü
Doryani	Doryani
#strategy	#strategy
Jamanra, the Abomination	Jamanra, the Abomination
+2 Weapon Set Passive Points	+2 silah seti pasif puanı
Breachstone	Breachstone
Tiers	Tier'lar
Variant	Varyant
Tempest Bell	Tempest Bell
Mandatory floor before any damage mods.	Herhangi bir hasar değiştiricisinden önce zorunlu zemin.
Dreamcore	Dreamcore
Completes the defensive shell.	Savunma kabuğunu tamamlar.
Conditional on the chosen variant.	Seçilen varyanta bağlı.
Defensive baseline	Savunma temeli
Quality of life	Yaşam kalitesi
Frequent deaths in T15+ or boss arenas.	T15+ veya boss arenalarında sık ölümler.
The core skill is unavailable	Çekirdek beceri kullanılamıyor
Return to the documented transition stage.	Belgelenmiş geçiş aşamasına dönün.
Rebuild from the lower verified stage.	Daha düşük doğrulanmış aşamadan yeniden kurun.
Spark	Spark
Recoup	Telafi
Exact support links and gem levels are pending PC verification.	Tam destek bağlantıları ve gem seviyeleri PC doğrulamasını beklemektedir.
Provisional order	Geçici sıra
Used in both.	Her ikisinde de kullanılır.
No damage makes up for dying.	Hiçbir hasar ölmeye değmez.
Waystones - Endgame	Waystones - Endgame
Rings / Amulet	Yüzükler / muska
Starter -> Functional	Başlangıç -> işlevsel
Functional -> Endgame	İşlevsel -> endgame
Endgame -> Luxury	Endgame -> lüks
Used in both, more critical in bossing.	Her ikisinde de kullanılır, boss dövüşünde daha kritik.
Mapping optional; bossing placed to empower the window.	Haritalama isteğe bağlı; boss dövüşü pencereyi güçlendirmek için yerleştirildi.
Only matters after defense.	Yalnızca savunmadan sonra önemlidir.
Crit	Eleştiri
Stalled after T15	T15'ten sonra durdu
Damage stops improving.	Hasar gelişmeyi durdurdu.
Chaos Res maxed?	Kaos direnci maksimumda mı?
Consider high-end	Üst düzeyi düşünün
Want higher boss damage and eyeing luxury gear.	Daha yüksek boss hasarı istiyor ve lüks ekipmana bakıyorsunuz.
Will high-end break resist caps or drop life?	Üst düzey ekipman direnç tavanlarını bozar veya canı düşürür mü?
Buy piece by piece and re-test after the checklist passes; do not trade survival for numbers.	Parça parça satın alın ve kontrol listesi geçtikten sonra yeniden test edin; hayatta kalmayı sayılar için takas etmeyin.
Budget Tiers: Real Cheap vs Luxury Differences	Bütçe tier'ları: gerçek ucuz ve lüks farkları
Mirror tier never breaks the defense floor.	Ayna tier'ı asla savunma tabanını bozmaz.
Mapping slows	Haritalama yavaşlamaları
Are resistances and life solved first?	Önce dirençler ve can çözüldü mü?
Can I play SSF?	SSF oynayabilir miyim?
PoE2 now ships a native Build Planner. Pasteable import strings and .build files are still pending PC verification; meanwhile use the creator guides and official planner below. Always re-confirm nodes in your own client.	PoE2 artık yerel bir build planlayıcı ile geliyor. Yapıştırmalı içe aktarma dizileri ve .build dosyaları hâlâ PC doğrulamasını beklemektedir; bu sırada aşağıdaki içerik üretici rehberlerini ve resmi planlayıcıyı kullanın. Düğümleri kendi istemcinizde her zaman yeniden doğrulayın.
Showcase	Vitrin
Attack Speed	Saldırı hızı
Peuget2	Peuget2
Use	Kullanım
Minion	Minyon
Shock	Şok
Base type	Temel tür
Structural example, not a complete build recommendation.	Yapısal örnek, tam bir build önerisi değil.
Row 1	Satır 1
4 points	4 puan
Skill	Beceri
All builds	Tüm build'ler
Delirium	Delirium
Vaal Temple	Vaal Temple
Common	Yaygın
P4wnyhof	P4wnyhof
Skill setup	Beceri kurulumu
Recharge	Yeniden şarj
Power	Güç
King in the Mists	King in the Mists
Moderate	Orta
Currency Exchange	Para birimi takası
+2	+2
Zarokh, the Temporal	Zarokh, the Temporal
Astramentis	Astramentis
Respec, Passive and Ascendancy Guide	Yeniden dağıtım, pasif ve yükseliş rehberi
Architect's Orb	Architect's Orb
Hold it	Tutun
Orb of Sacrifice	Orb of Sacrifice
Overview and current versus legacy	Genel bakış ve güncel ve eski
Buying on trade	Takasta satın alma
#build-usage	#build-usage
Any build	Herhangi bir build
Old vs current flow	Eski ve güncel akış
#patch-history	#patch-history
Eligibility matrix	Uygunluk matrisi
Attribute scaling table	Nitelik ölçekleme tablosu
Current (post-0.2.0)	Güncel (0.2.0 sonrası)
0.2.1	0.2.1
Lightning Rod	Lightning Rod
Fixed	Sabitlenmiş
Large effect	Büyük etki
Mechanics Patch	Mekanik yaması
0.2.0+	0.2.0+
Honour drain	Onur tükenmesi
Waystone prefixes	Waystone önekleri
Items	Eşyalar
Path of Exile 2 Early Access — the 0.2.0 era	Path of Exile 2 Early Access — the 0.2.0 era
Official 0.2.0c patch notes	Official 0.2.0c patch notes
0.2.0g	0.2.0g
Balance	Denge
Official 0.3.0c patch notes	Official 0.3.0c patch notes
0.4.0e	0.4.0e
0.4.0i	0.4.0i
Major Patch	Büyük yama
0.5.4d Hotfix	0.5.4d Hotfix
Mapping Usage	Haritalama kullanımı
Reservation	Ayırma
Unlocked via an Uncut Skill Gem from campaign or drops.	Kampanyadan veya düşenlerden bir Uncut Skill Gem ile açılır.
Build and skill split	Build ve beceri ayrımı
Elemental Armament	Elemental Armament
Uncut Skill Gem (Tier 3)	Uncut Skill Gem (Tier 3)
Arena layout	Arena düzeni
Fire resistance gearing	Ateş direnci ekipmanlaması
Pinnacle kill (any difficulty)	Zirve öldürme (herhangi bir zorluk)
Added a first-half FAQ with high-value search questions (how to enter / material sources / failure cost / retry / unlocks).	Yüksek değerli arama sorularıyla (nasıl girilir / materyal kaynakları / başarısızlık maliyeti / yeniden deneme / açılmalar) ilk yarı bir SSS eklendi.
Arbiter of Divinity	Arbiter of Divinity
Trial completion (any difficulty)	Deneme tamamlama (herhangi bir zorluk)
Recovery	İyileşme
Key hazard	Temel tehlike
Interlude Progression	Ara bölüm ilerlemesi
Rane	Rane
Frame from YouTube — Ether	Frame from YouTube — Ether
The reward	Ödül
Inventory not full.	Envanter dolu değil.
Act 3 optional boss with a permanent +30 Spirit reward.	Kalıcı +30 ruh ödüllü Act 3 isteğe bağlı boss'u.
Pick it up.	Onu alın.
Act 1 optional boss granting +2 Weapon Set Passive Points.	+2 silah seti pasif puanı veren Act 1 isteğe bağlı boss'u.
Leap Slam	Leap Slam
Dr Dark Walker	Dr Dark Walker
Book of Specialisation	Uzmanlaşma kitabı
Mighty Silverfist	Mighty Silverfist
Access	Erişim
Olroth, Origin of the Fall	Olroth, Origin of the Fall
Priority	Öncelik
Pairing	Eşleştirme
Phase 1 — Wave-Scaled Encounter	Aşama 1 — dalga ölçekli karşılaşma
Phase 1 — Wave-Scaled Encounter (mechanic)	Aşama 1 — dalga ölçekli karşılaşma (mekamik)
Phase 1 — Wave-Scaled Encounter (mid-fight)	Aşama 1 — dalga ölçekli karşılaşma (dövüş ortasında)
Phase 1 — Wave-Scaled Encounter (enrage)	Aşama 1 — dalga ölçekli karşılaşma (öfke)
Spiral Games	Spiral Games
Right-clicked?	Sağ tıklandı mı?
Phase 1 — Continuous Fight (Escalating) (mechanic)	Aşama 1 — sürekli dövüş (tırmanan) (mekamik)
Phase 1 — Continuous Fight (Escalating) (mid-fight)	Aşama 1 — sürekli dövüş (tırmanan) (dövüş ortasında)
Phase 1 — Continuous Fight (Escalating) (enrage)	Aşama 1 — sürekli dövüş (tırmanan) (öfke)
Reforging Bench	Yeniden işleme tezgâhı
Doryani, Royal Thaumaturge	Doryani, Royal Thaumaturge
Trialmaster	Trialmaster
Common mistake	Yaygın hata
Starter	Başlangıç
Mid	Orta
Sigil of Power	Sigil of Power
Cross-verified from official patch notes, current creator guides, an independent build guide, a planner and a current gameplay video. Not verified by direct client testing.	Resmi yama notlarından, güncel içerik üretici rehberlerinden, bağımsız bir build rehberinden, bir planlayıcıdan ve güncel bir oyun görüntüsünden çapraz doğrulandı. Doğrudan istemci testiyle doğrulanmadı.
Cap resistances before chasing damage.	Hasar peşinde koşmadan önce dirençleri tavanlayın.
Several mechanics still need current-client reproduction.	Birkaç mekanik hâlâ güncel istemci tekrarını gerektiriyor.
Endgame creator setups can hide expensive dependencies.	Endgame içerik üretici kurulumları pahalı bağımlılıkları gizleyebilir.
Walking Calamity	Walking Calamity
Life and the two uncapped resistances	Can ve iki tavanlı olmayan direnç
Jewellery and utility	Mücevherler ve yardımcı
A weapon you cannot equip is worthless.	Kuramayacağınız bir silah değersizdir.
Cap resistances and establish recovery first.	Önce dirençleri tavanlayın ve iyileşme kurun.
The main loop must also work against a single target.	Ana döngü tek hedefe karşı da çalışmalıdır.
Add speed or area only after the build is functional.	Hız veya alanı yalnızca build işlevsel olduktan sonra ekleyin.
Damage source	Hasar kaynağı
Check gem level, form, weapon set and equipment requirements.	Gem seviyesini, formu, silah setini ve ekipman gereksinimlerini kontrol edin.
Remove kill-based assumptions.	Öldürmeye dayalı varsayımları kaldırın.
Record every resource before and after the sequence.	Diziden önce ve sonra her kaynağı kaydedin.
Check missing passives, supports and thresholds.	Eksik pasifleri, destekleri ve eşikleri kontrol edin.
Comet not triggering	Comet tetiklenmiyor
Defense pool	Savunma havuzu
Spell skill level	Büyü beceri seviyesi
Freezing Mark	Freezing Mark
Take only nodes that support the current leveling skill and defensive requirements.	Yalnızca güncel seviye atlatma becerisini ve savunma gereksinimlerini destekleyen düğümleri alın.
Move to the selected build variant; do not combine incompatible planner snapshots.	Seçilen build varyantına geçin; uyumsuz planlayıcı anlık görüntülerini birleştirmeyin.
Dying often	Sık sık ölme
Gameplay video	Oyun görüntüsü
Why	Neden
Passive Tree Approach	Pasif ağaç yaklaşımı
Critical Chance	Eleştiri şansı
Life + resistances	Can + dirençler
Spell Skill Level	Büyü beceri seviyesi
Non-negotiable survival gate	Pazarlıksız hayatta kalma kapısı
Path of Exile 2 official forums and 0.5 patch notes for the ascendancy and core skills.	Yükseliş ve çekirdek beceriler için Path of Exile 2 resmi forumları ve 0.5 yama notları.
Creator Guide	İçerik üretici rehberi
PoE2 Wiki entry for the ascendancy and skill data.	Yükseliş ve beceri verileri için PoE2 Wiki girişi.
Current gameplay footage confirming the rotations and gear.	Dönüşleri ve ekipmanı doğrulayan güncel oyun görüntüsü.
Reddit and guide-comment questions used for the community-voices and FAQ sections.	Topluluk sesleri ve SSS bölümleri için kullanılan Reddit ve rehber yorum soruları.
Cross-verified from official patch notes, current creator guides, a database, a planner and a current gameplay video. Not verified by direct client testing.	Resmi yama notlarından, güncel içerik üretici rehberlerinden, bir veritabanından, bir planlayıcıdan ve güncel bir oyun görüntüsünden çapraz doğrulandı. Doğrudan istemci testiyle doğrulanmadı.
Campaign end	Kampanya sonu
Essence Drain	Essence Drain
Contagion	Contagion
Keep; part of the damage architecture.	Tutun; hasar mimarisinin parçası.
Crit chance / Crit damage	Eleştiri şansı / eleştiri hasarı
Chaos Res must be stacked specifically.	Kaos direnci özellikle yığılmalıdır.
Free boosts from jewelry.	Mücevherlerden ücretsiz takviyeler.
Spear skill level	Mızrak beceri seviyesi
Is Accuracy sufficient?	İsabet yeterli mi?
Only stacking damage, ignoring Accuracy?	Yalnızca hasar yığarak, isabeti yok mu sayıyorsunuz?
See campaign and early-maps gearing guide	Kampanya ve erken harita ekipmanlama rehberine bakın
MisoxShiru	MisoxShiru
Act 1 mapping	Act 1 haritalama
Early maps and gear	Erken haritalar ve ekipman
Gear boundaries and summary	Ekipman sınırları ve özeti
Ice Shot Deadeye	Ice Shot Deadeye
Snipe	Snipe
Ice-Tipped Arrows	Ice-Tipped Arrows
Damage check	Hasar kontrolü
Mana pool and regen	Mana havuzu ve yenilenme
Raxxanterax	Raxxanterax
Defense	Savunma
KallTorak	KallTorak
Twister Spirit Walker	Twister Spirit Walker
Whirling Assault Martial Artist	Whirling Assault Martial Artist
For normal packs: establish the charge engine, then channel Whirling Assault through safe lanes.	Normal gruplar için: önce şarj motorunu kurun, ardından Whirling Assault'ı güvenli şeritlerden kanalize edin.
For rares: prepare charges and drop Tempest Bell before committing to the channel.	Nadirler için: şarjları hazırlayın ve kanala bağlanmadan önce Tempest Bell'i bırakın.
For bosses: verify the Hollow Form, Bell and charge sequence in the current client before treating the written order as final.	Bosslar için: yazılı sırayı nihai saymadan önce Hollow Form'u, Bell'i ve şarj dizisini güncel istemcide doğrulayın.
Whirling Assault	Whirling Assault
Maps unlocked and you can sustain Waystones	Haritalar açıldı ve Waystone'ları sürdürebiliyorsunuz
Spell	Büyü
Freeze	Dondurma
Resistance	Direnç
75%	75%
Points	Puanlar
Jado	Jado
Row 2	Satır 2
Community questions, answered	Topluluk soruları, yanıtlandı
Path of Exile 2 official site	Path of Exile 2 official site
Breach Hive	Breach Hive
Spud the King	Spud the King
Breach	Breach
Free exit	Ücretsiz çıkış
Ritual	Ritual
Abyss	Abyss
﻿Magic item	Büyülü eşya
Perfect	Mükemmel
Check tooltip	İpucu kutusunu kontrol et
Pinnacle	Zirve
Implicit	Örtük
Item Level	Eşya Seviyesi
Spirit reservation	Ruh rezervasyonu
Ascendancy reset	Yükseliş sıfırlama
Action	Eylem
Valid targets	Geçerli hedefler
Trade	Ticaret
Enter the apply state.	Uygulama durumuna gir.
Open valid targets	Geçerli hedefleri aç
Sell it	Sat
Target	Hedef
Prices below reflect the Early Access 0.5.4 league on the PC trade site as of early August 2026 and move constantly with supply and demand.	Aşağıdaki fiyatlar, Ağustos 2026 başları itibarıyla PC ticaret sitesindeki Erken Erişim 0.5.4 ligini yansıtır ve arz-talep ile sürekli değişir.
Consumed on use	Kullanımda tüketilir
Usage steps	Kullanım adımları
Ascendancy Points & Trials Guide	Yükseliş Puanları ve Denemeler Rehberi
Family overview: Diamond Unique Jewels	Aile genel bakışı: Elmas Benzersiz Mücevherler
Equip once your character reaches level 20.	Karakteriniz 20. seviyeye ulaştığında kuşan.
Scenario	Senaryo
Currency Exchange / trade	Para Birimi Takası / ticaret
Use it if	Şu durumda kullan:
Use, sell, or hold	Kullan, sat veya tut
Fits any allocated normal Jewel Socket	Tahsis edilmiş herhangi bir normal Mücevher Yuvasına uyar
Trade search steps	Ticaret arama adımları
Usable	Kullanılabilir
Save & continue	Kaydet ve devam et
Stabilisation	Stabilizasyon
League mechanics	Lig mekanikleri
Lightning Spear Amazon build	Yıldırım Mızrağı Amazon yapısı
Launch class system	Başlangıç sınıf sistemi
Early Atlas progression guide	Erken Atlas ilerleme rehberi
Atlas progression guide	Atlas ilerleme rehberi
Console Gateway	Konsol Geçidi
Trigger Gem Energy	Tetikleme Cevheri Enerjisi
Build commitment	Yapı taahhüdü
Re-verify against 0.5.4e.	0.5.4e karşı tekrar doğrula.
Historical context	Tarihsel bağlam
Current route	Mevcut rota
Major update	Büyük güncelleme
Campaign guide	Kampanya rehberi
Bear Shaman Druid build	Ayı Şaman Druid yapısı
Feature Patch	Özellik Yaması
Balance Patch	Denge Yaması
Current client value	Mevcut istemci değeri
Scales with level and combo	Seviye ve kombo ile ölçeklenir
Overview and build identity	Genel bakış ve yapı kimliği
Typical role	Tipik rol
Clear gameplay	Net oynanış
Requirements and Setup	Gereksinimler ve Kurulum
Boss single-target handling	Boss tek hedef işleme
Persistent Buff	Kalıcı Takviye
Bossing Value	Boss Değeri
See claim flow →	Talep akışını gör →
Downstream Act 2 boss.	2. Perde sonrası boss.
Patch note	Yama notu
If stuck	Takılırsan
Start the fight	Dövüşü başlat
Interlude finale	Ara finali
Interlude quest	Ara görev
Phase 1 — Opening (100%–~50%)	Aşama 1 — Açılış (100%–~50%)
Phase 2 — Time Stop (~50%–0%)	Aşama 2 — Zaman Durması (~50%–0%)
Armour/evasion, endurance charges.	Zırh/kaçınma, dayanıklılık yükleri.
Chance for Interlude-tier gear and skill gems.	Ara seviyesi ekipman ve beceri cevherleri için şans.
Act 4 final boss with three forms.	4. Perde final boss'u, üç formla.
Phase 1 — Continuous Fight	Aşama 1 — Sürekli Dövüş
Location	Konum
Activate checkpoint	Kontrol noktasını etkinleştir
Required for story?	Hikaye için gerekli mi?
No (optional)	Hayır (isteğe bağlı)
A dash or roll ready.	Hazır bir atılma veya yuvarlanma.
Movement skill or flask of speed.	Hareket becerisi veya hız iksiri.
Fire Resistance	Ateş Direnci
Phase 1 — Brute (100%–75%)	Aşama 1 — Vahşi (100%–75%)
Phase 2 — Shockwave & Hellfire (75%–0%)	Aşama 2 — Şok Dalgası ve Cehennem Ateşi (75%–0%)
Before the fight	Dövüş öncesi
During the fight	Dövüş sırasında
Level 50+ (Act 4)	Seviye 50+ (4. Perde)
Phase 1 — Water & Gaze (100%–~50%)	Aşama 1 — Su ve Bakış (100%–~50%)
Phase 2 — Dive (~50%–0%)	Aşama 2 — Dalış (~50%–0%)
Burst windows	Patlama pencereleri
Act 4 route	4. Perde rotası
Why it matters	Neden önemli
Optional	İsteğe bağlı
Phase 1 — Flight & Flame (100%–~50%)	Aşama 1 — Uçuş ve Alev (100%–~50%)
Phase 2 — Beam (~50%–0%)	Aşama 2 — Işın (~50%–0%)
Burst	Patlama
Attack table →	Saldırı tablosu →
Phase 1 — Human Form (100%-~30%)	Aşama 1 — İnsan Formu (100%-~30%)
Phase 2 — Wildwood / Treant Form (~30%-0%)	Aşama 2 — Vahşi Orman / Treant Formu (~30%-0%)
An Audience with the King	Kral ile Görüşme
Retries	Yeniden denemeler
Phase 1 — Vapours & Maze (100%–~40%)	Aşama 1 — Buharlar ve Labirent (100%–~40%)
Phase 2 — Chaos Finale (~40%–0%)	Aşama 2 — Kaos Finali (~40%–0%)
Shield	Kalkan
Spawn	Belirme
One-time	Tek seferlik
Backpack space	Sırt çantası alanı
One-time; shown in the Weapon Set node.	Tek seferlik; Silah Seti düğümünde gösterilir.
Allocated in the Weapon Set node, not the normal pool.	Normal havuz yerine Silah Seti düğümüne tahsis edilir.
Weapon Set guide	Silah Seti rehberi
Level 79+	Seviye 79+
Failure Cost & Retry	Başarısızlık Maliyeti ve Yeniden Deneme
Phase 1 — Cold Warrior (100%–0% first)	Aşama 1 — Soğuk Savaşçı (100%–0% ilk)
Phase 2 — Starfire (revived ~70%)	Aşama 2 — Yıldız Ateşi (yeniden canlanan ~70%)
Dodge	Kaçınma
Charge	Yük
Entry	Giriş
Phase 1 — Both Alive (100%–kill)	Aşama 1 — İkisi de Canlı (100%–ölüm)
Phase 2 — Survivor (~varies)	Aşama 2 — Hayatta Kalan (~değişken)
Standing in the line	Çizgide durmak
Phase 1 — Continuous Chase (3 Arenas)	Aşama 1 — Sürekli Kovalamaca (3 Arena)
Phase 1 — Full Arena (100%–~50%)	Aşama 1 — Tam Arena (100%–~50%)
Phase 2 — Constriction (~50%–0%)	Aşama 2 — Sıkışma (~50%–0%)
Phase 1 — Opening (100%–60%)	Aşama 1 — Açılış (100%–60%)
Phase 2 — Hiveborn Powers (60%–0%)	Aşama 2 — Kovan Güçleri (60%–0%)
Phase 1 — Pressure (100%–~50%)	Aşama 1 — Baskı (100%–~50%)
Phase 2 — Apparition (~50%–0%)	Aşama 2 — Hayalet (~50%–0%)
Drop	Düşür
Fix	Düzelt
This page	Bu sayfa
Entangle	Kilitlenme
Mana runs out	Mana biter
Mana empties during a single-target fight.	Mana, tek hedefli bir dövüş sırasında boşalır.
Oil Grenade	Yağ El Bombası
Free damage from jewellery.	Mücevherlerden ücretsiz hasar.
Dying after entering maps	Haritaya girdikten sonra ölmek
How the Loop Reads	Döngü Nasıl Okunur
What to run at each stage. Exact gem levels and support links stay pending PC verification; the stage boundaries are the actionable part.	Her aşamada ne çalıştırılacağı. Tam cevher seviyeleri ve destek bağlantıları PC doğrulaması beklemededir; işlem yapılabilir kısım aşama sınırlarıdır.
Keep as a buff.	Takviye olarak tut.
Keep; part of the movement architecture.	Tut; hareket mimarisinin bir parçası.
Spear	Mızrak
Life, Chaos Res and resistances; boot movement speed for kiting.	Can, Kaos Direnci ve dirençler; kiting için bot hareket hızı.
Improves positioning and roll rhythm.	Konumlandırmayı ve yuvarlanma ritmini iyileştirir.
Is kill pace too slow for resource gain?	Kaynak kazanımı için öldürme temposu çok yavaş mı?
Is kill pace too slow?	Öldürme temposu çok yavaş mı?
High-pressure boss entry	Yüksek baskılı boss girişi
Luxury	Lüks
Gloves	Eldivenler
Works on a low budget early and transitions smoothly.	Erken dönemde düşük bütçeyle çalışır ve sorunsuz geçiş yapar.
Amazon Gameplay	Amazon Oynanışı
Boss damage	Boss hasarı
Reload	Yeniden yükle
Crossbow	Arbalet
Staff / Focus	Asa / Odak
Attributes to equip staff and gems	Asa ve cevherleri kuşanmak için öznitelikler
All	Tümü
Crit chance	Eleştiri şansı
Evasion	Kaçınma
Utility	Fayda
Cooldown Recovery	Bekleme Süresi Kurtarma
Helmet	Miğfer
Maximum Mana	Maksimum Mana
Verify	Doğrula
Abyssal Depths	Abyssal Depths
Unique boss	Benzersiz boss
Key terms	Anahtar terimler
Variable	Değişken
Attack	Saldırı
Ignite	Tutuşturma
Grounding	Topraklanma
Electrocute	Elektrik Çarpması
Encounter	Karşılaşma
Layer	Katman
Energy Shield build	Enerji Kalkanı yapısı
Report	Raporla
Row 3	Satır 3
Fortress	Kale
None (map-driven)	Yok (harita güdümlü)
Low, free exit	Düşük, ücretsiz çıkış
Returning players	Dönen oyuncular
Greater	Büyük
Targets	Hedefler
Requirement	Gereksinim
Gem level	Cevher seviyesi
Regeneration	Yenilenme
Flasks	İksirler
Resource	Kaynak
Life, Mana, or Energy Shield	Can, Mana veya Enerji Kalkanı
Perfect / Corrupted Essence	Mükemmel / Bozulmuş Öz
Not on the same hit	Aynı vuruşta değil
Yes (enemy resistance is lower)	Evet (düşman direnci daha düşük)
Survival	Hayatta Kalma
No Leech	Sızma yok
South	Güney
Elemental	Elementel
Trade search	Ticaret araması
Current early-access behaviour.	Mevcut erken erişim davranışı.
Can be used	Kullanılabilir
Per item	Eşya başına
Confirm capacity remains.	Kapasitenin kaldığını doğrula.
Right-click the orb	Cevheri sağ tıkla
Acquisition routes	Edinim rotaları
Current status	Mevcut durum
Guide observation	Rehber gözlemi
Consumed	Tüketildi
Endgame farmers	Endgame çiftçileri
Eligibility	Uygunluk
Types	Türler
Ring	Yüzük
Charms	Tılsımlar
Socket	Yuva
Trigger condition	Tetikleme koşulu
Ring size comparison	Yüzük boyutu karşılaştırması
Yes, always	Evet, her zaman
Detail	Ayrıntı
Allocatable remotely	Uzaktan tahsis edilebilir
Not allocatable	Tahsis edilemez
Use it for	Bunun için kullan
Defense decision table	Savunma karar tablosu
Signature mod	İmza modu
Casters	Büyücüler
Map farmers	Harita çiftçileri
Mana, Spirit and Resource Sustain	Mana, Ruh ve Kaynak Sürdürme
A normal rare jewel's stats	Normal bir nadir mücevherin istatistikleri
Little to none	Çok az veya hiç
How the conversion works	Dönüşüm nasıl çalışır
Item type	Eşya türü
Base item	Temel eşya
Modifier Eligibility Matrix	Değiştirici Uygunluk Matrisi
Charms Guide	Tılsımlar Rehberi
Jewel family comparison	Mücevher aile karşılaştırması
Jewel	Mücevher
Ruby / Emerald / Sapphire / Diamond	Yakut / Zümrüt / Safir / Elmas
Only one Megalomaniac may be socketed per character.	Her karaktere yalnızca bir Megalomaniac takılabilir.
Farmers	Çiftçiler
Role	Rol
Socketable modifier slotted into gear	Ekipmana takılan yuvalanabilir değiştirici
later loot patches	sonraki ganimet yamaları
11 new Supports	11 yeni Destek
Then vs Now	O Zaman ve Şimdi
Performance guide	Performans rehberi
Old content risk	Eski içerik riski
Current content requirement	Mevcut içerik gereksinimi
Technical Patch	Teknik Yama
Recover	Kurtar
Setup overview	Kurulum genel bakışı
Obtained from an Uncut Skill Gem; enabled in the skill panel.	Kesilmemiş Beceri Cevherinden elde edilir; beceri panelinde etkinleştirilir.
Reserved while active	Etkinken rezerve edilir
Energy Retention	Enerji Tutma
Support	Destek
Known Issues	Bilinen Sorunlar
Spirit cost	Ruh maliyeti
Spirit Budget Trade-offs	Ruh Bütçesi Dengeleri
Trade-off	Denge
Infusion Mode	İnfüzyon Modu
Prolonged Duration	Uzatılmış Süre
Endgame gameplay	Endgame oynanışı
PoE2DB and Community Wiki provide tags, mana cost, level scaling and hidden behaviour fields.	PoE2DB ve Topluluk Wiki, etiketler, mana maliyeti, seviye ölçekleme ve gizli davranış alanları sağlar.
PoE2DB and Community Wiki provide tags, weapon requirement, mana cost, level scaling and hidden behaviour fields.	PoE2DB ve Topluluk Wiki, etiketler, silah gereksinimi, mana maliyeti, seviye ölçekleme ve gizli davranış alanları sağlar.
Use Explosive Shot	Patlayıcı Atış kullan
Detonate	İmha et
Pre-place	Önceden yerleştir
Mapping clear	Haritalama temizliği
Limit	Sınır
﻿Fire resistance 75%	Ateş direnci %75
Initial publication with overview, strategy and verification sections.	Genel bakış, strateji ve doğrulama bölümleriyle ilk yayın.
What does failure cost?	Başarısızlık neye mal olur?
Can I retry?	Yeniden deneyebilir miyim?
What does failure cost, and can I retry?	Başarısızlık neye mal olur ve yeniden deneyebilir miyim?
Attempt cost	Deneme maliyeti
First completion per league	Lig başına ilk tamamlama
Group size	Grup boyutu
Solo or up to 5	Tek başına veya en fazla 5
Phase 1 — Human Form	Aşama 1 — İnsan Formu
Phase 2 — Mirror Split	Aşama 2 — Ayna Bölünmesi
Phase 3 — Enrage and Meteor Rain	Aşama 3 — Öfke ve Göktaşı Yağmuru
Level 25–28	Seviye 25–28
Where is he?	Nerede?
Branch off the Act 2 main path.	2. Perde ana yolundan ayrıl.
Defeat Azarian	Azarian'ı yen
The quest did not advance after the kill.	Görev, öldürdükten sonra ilerlemedi.
Confirm the objective updates.	Hedefin güncellendiğini doğrula.
Upstream Act 2 gate boss.	2. Perde giriş kapısı boss'u.
Slash Combo	Yarma Kombinasyonu
Movement speed and a dodge.	Hareket hızı ve bir kaçınma.
Did the arena update?	Arena güncellendi mi?
Interlude 3 final duo with a healing link.	İyileştirme bağlantılı 3. Ara final ikilisi.
Why fight	Neden dövüş
Permanent reward	Kalıcı ödül
Permanent	Kalıcı
Path	Yol
How to enter	Nasıl girilir
Rewards	Ödüller
Access item	Erişim eşyası
Movement-speed suffixes or a movement skill.	Hareket hızı sonekleri veya bir hareket becerisi.
Chaos res capped?	Kaos direnci doldu mu?
Wave context	Dalga bağlamı
Priority system	Öncelik sistemi
Scaling	Ölçekleme
Wave Context	Dalga Bağlamı
Boss + Add Priority System	Boss + Yan Hedef Öncelik Sistemi
Wave clear	Dalga temizleme
Timer	Zamanlayıcı
Phase 1 — Timed Molten Fight	Aşama 1 — Zamanlı Erimiş Dövüş
Phase 1 — Timed Molten Fight (mechanic)	Aşama 1 — Zamanlı Erimiş Dövüş (mekanik)
Phase 1 — Timed Molten Fight (mid-fight)	Aşama 1 — Zamanlı Erimiş Dövüş (dövüş ortası)
Phase 1 — Timed Molten Fight (enrage)	Aşama 1 — Zamanlı Erimiş Dövüş (öfke)
Phase 1 — Continuous Fight (mechanic)	Aşama 1 — Sürekli Dövüş (mekanik)
Phase 1 — Continuous Fight (mid-fight)	Aşama 1 — Sürekli Dövüş (dövüş ortası)
Phase 1 — Continuous Fight (enrage)	Aşama 1 — Sürekli Dövüş (öfke)
Fire damage	Ateş hasarı
Cold, plus some Physical	Soğuk, biraz da Fiziksel
Some Cold Resistance if available.	Mevcutsa biraz Soğuk Direnci.
Cold Resist ring/charm.	Soğuk Direnç yüzüğü/tılsımı.
Standard Act 1 campaign loot.	Standart 1. Perde kampanya ganimeti.
Consumed from inventory?	Envanterden tüketildi mi?
Movement skill ready.	Hareket becerisi hazır.
Wave-Scaled Encounter	Dalga Ölçekli Karşılaşma
Demon Beam	Şeytan Işını
Standing in the beam line.	Işın hattında durmak.
Encounter completion	Karşılaşma tamamlama
If no points	Puan yoksa
Pick up AND right-click the Book	Kitabı al VE sağ tıkla
Use the Book	Kitabı kullan
Arena	Arena
Act 3 optional boss with a permanent fire-res reward.	3. Perde isteğe bağlı boss'u, kalıcı ateş direnci ödülüyle.
Act 1 optional boss granting +30 Spirit via the Gembloom Skull.	1. Perde isteğe bağlı boss'u, Gembloom Kafatası ile +30 Ruh verir.
One-time; shown as a permanent character bonus.	Tek seferlik; kalıcı bir karakter bonusu olarak gösterilir.
+10% Cold Resistance	+10% Soğuk Direnci
Permanent boosts overview	Kalıcı takviyeler genel bakışı
The Vaal Pyramid is an endgame map that appears as a pinnacle destination at 50+ Atlas completion, entered from the Atlas.	Vaal Piramidi, 50+ Atlas tamamlamada zirve hedefi olarak görünen ve Atlas'tan girilen bir endgame haritasıdır.
Abyss pinnacle with a revival gauntlet.	Yeniden canlanma gauntlet'i içeren Abyss zirvesi.
Level 80+	Seviye 80+
Physical + Chaos	Fiziksel + Kaos
Simulacrum guide	Benzesim rehberi
Simulacrum / Delirium loot	Benzesim / Delirium ganimeti
Contributes to Simulacrum reward pool and Delirium splinter progress.	Benzesim ödül havuzuna ve Delirium parçacığı ilerlemesine katkı sağlar.
Delirium Progression	Delirium İlerlemesi
Counts toward Atlas Delirium progression and related unlocks.	Atlas Delirium ilerlemesi ve ilgili kilitlemeler için sayılır.
Ritual pinnacle with chaos and a Wisp Maze.	Kaos ve bir Wisp Labirenti içeren Ritual zirvesi.
+40 Spirit	+40 Ruh
+2 Weapon Set Passive Points (one-time)	+2 Silah Seti Pasif Puanı (tek seferlik)
﻿Phase 3 — Form 3 — Consumed (~33%–0%)	Aşama 3 — Form 3 — Tüketilmiş (~33%–0%)
Kill order	Öldürme sırası
If overwhelmed	Bunalmışsan
Target priority	Hedef önceliği
Start the duo	İkililiği başlat
Gates progress	Kapı ilerlemesi
Duo Coordination	İkili Koordinasyon
Combined Attacks	Birleşik Saldırılar
Target Priority (Build-Dependent)	Hedef Önceliği (Yapıya Bağımlı)
Duo start.	İkili başlangıcı.
A sword combo string.	Bir kılıç kombo dizisi.
Dodge between swings; punish the end.	Savuruşlar arasında kaçın; sonu cezalandır.
Trading during combo	Kombo sırasında takas
Side-step the bolt.	Şimşekten yan adım.
Ranged poke.	Uzaktan dürtme.
Who do I kill first	Önce kimi öldüreyim
Kill both	İkisini de öldür
Interlude 2 final boss with time-stop.	Zaman durması içeren 2. Ara final boss'u.
Encounter loop	Karşılaşma döngüsü
Ascent to Power	Güce Yükseliş
Physical defence	Fiziksel savunma
Life/armour and positioning.	Can/zırh ve konumlandırma.
Fire Salvo and fire cyclone are Fire.	Ateş Salvosu ve ateş kasırgası Ateştir.
Chaos Resistance	Kaos Direnci
Difficulty	Zorluk
Hunter	Avcı
Entry item	Giriş eşyası
Role (source/receiver) confirmed per patch.	Rol (kaynak/alıcı) yama başına doğrulandı.
Burst window	Patlama penceresi
Base Spirit	Temel Ruh
Gear Spirit	Ekipman Ruhu
Reservation Efficiency	Rezervasyon Verimliliği
Minimum Total	Minimum Toplam
Critical chance	Eleştiri şansı
Mandatory to avoid one-shots.	Tek vuruşlardan kaçınmak zorunludur.
Boss matchup	Boss eşleşmesi
Boss takes no damage	Boss hasar almıyor
Only verified build-specific modifiers.	Yalnızca doğrulanmış yapıya özgü değiştiriciler.
Dying in maps	Haritalarda ölmek
Is life/armour below the content tier?	Can/zırh içerik seviyesinin altında mı?
Are kill-based assumptions removed?	Öldürmeye dayalı varsayımlar kaldırıldı mı?
Empty mana after trigger	Tetiklemeden sonra boş mana
Maps fine, boss stalls	Haritalar iyi, boss duruyor
High Ward, still dies	Yüksek Ward, yine de ölüyor
Trigger rate	Tetikleme oranı
Complete Path of Exile 2 Bear Shaman Druid build guide on the 0.5.4 baseline, separating the bear form, the damage skills and the Rampage / Walking Calamity / Meteor variant routes.	Path of Exile 2 Bear Shaman Druid yapı rehberinin 0.5.4 temeli üzerinde tamamı; ayı formu, hasar becerileri ve Rampage / Walking Calamity / Meteor varyant rotaları ayrılmıştır.
50+	50+
The primary loop has current 0.5 guide coverage.	Ana döngü, mevcut 0.5 rehber kapsamına sahip.
Generate or maintain Cold Infusion, then use Ice Nova for mapping.	Soğuk İnfüzyonu oluştur veya sürdür, sonra haritalama için Ice Nova kullan.
For bosses, apply the selected curse or mark before Frost Bomb and Frost Wall setup.	Bosslar için, Frost Bomb ve Frost Wall kurulumundan önce seçili laneti veya işareti uygula.
Apply the curse or mark package, place Frost Wall only where the arena supports it, add Frost Bomb, then use Frost Darts while waiting for the next freeze or cooldown window. If Frost Wall behaves strangely on a specific boss, remove that dependency instead of repeating a broken rotation.	Lanet veya işaret paketini uygula, Frost Wall'u yalnızca arena desteklediği yerde konumlandır, Frost Bomb ekle, sonra bir sonraki donma veya bekleme penceresini beklerken Frost Darts kullan. Belirli bir boss'ta Frost Wall garip davranırsa, bozuk rotasyonu tekrarlamak yerine o bağımlılığı kaldır.
Apply curse or mark, then Frost Bomb and Frost Wall setup.	Lanet veya işareti uygula, sonra Frost Bomb ve Frost Wall kurulumu.
Use Frost Darts to fill single-target downtime.	Tek hedefli boşlukları doldurmak için Frost Darts kullan.
Level 1–20	Seviye 1–20
Level 21–40	Seviye 21–40
Mark that enables the cold/freeze payoff and improves target focus.	Soğuk/donma kazancını etkinleştiren ve hedef odağını iyileştiren işaret.
Supports the main skill directly.	Ana beceriyi doğrudan destekler.
Do not copy an endgame item without its prerequisites.	Ön koşulları olmadan bir endgame eşyasını kopyalama.
Defensive layer that pairs with the ascendancy.	Yükselişle eşleşen savunma katmanı.
Prices are not fixed at this time.	Fiyatlar şu anda sabit değil.
Is non-crit clear, boss freeze and defense already stable?	Eleştirisiz temizlik, boss donması ve savunma zaten kararlı mı?
PoE2 now has a native Build Planner. The pasteable import string and downloadable .build are pending PC verification; use the creator guide and planner tool below in the meantime. Always re-confirm node choices in your own client.	PoE2 artık yerel bir Build Planner'a sahip. Yapıştırılabilir içe aktarma dizesi ve indirilebilir .build, PC doğrulaması beklemededir; bu sırada aşağıdaki oluşturucu rehberini ve planlayıcı aracını kullan. Düğüm seçimlerini kendi istemcinde her zaman yeniden doğrula.
Source-video summary for Ice Nova Chronomancer	Ice Nova Chronomancer için kaynak-video özeti
Independent written overview	Bağımsız yazılı genel bakış
Creator discussion and community questions	Oluşturucu tartışması ve topluluk soruları
Key mobility, reduces standing-still deaths.	Anahtar hareketlilik, olduğu yerde durma ölümlerini azaltır.
Keep as mobility.	Hareketlilik olarak tut.
Early survival floor.	Erken hayatta kalma tabanı.
Cooldown reduction	Bekleme süresi azaltma
High-investment defense boundary.	Yüksek yatırımlı savunma sınırı.
Attributes to equip weapon and gems	Silah ve cevherleri kuşanmak için öznitelikler
Warcry level/quality in place?	Savaş çığlığı seviyesi/kalitesi yerinde mi?
Block/life gap?	Blok/can açığı?
High rollover mods?	Yüksek devreden modlar?
﻿Player reports are experience, not verified mechanics. Confirm exact scaling against the in-game tooltip.	Oyuncu raporları deneyimdir, doğrulanmış mekanikler değildir. Tam ölçeklemeyi oyun içi ipucu kutusuna karşı doğrula.
Mapping demo	Haritalama demosu
Boss demo	Boss demosu
Community Creator	Topluluk Oluşturu-cu
Single creator guide cross-referenced with official ascendancy data and build-statistics tool. Source-reviewed status pending a second independent creator confirmation and in-client verification.	Tek oluşturucu rehberi, resmi yükseliş verileri ve yapı-istatistik aracıyla çapraz referanslandı. Kaynak-incelenmiş durum, ikinci bağımsız oluşturucu onayı ve istemci içi doğrulama beklemededir.
Keep; part of the area architecture.	Tut; alan mimarisinin bir parçası.
Crit window never comes	Eleştiri penceresi hiç gelmiyor
Amazon buff nodes taken?	Amazon takviye düğümleri alındı mı?
Gem Quality	Cevher Kalitesi
Core scaling	Temel ölçekleme
Reload Speed	Yeniden Yükleme Hızı
Low damage	Düşük hasar
Factor	Faktör
Boss DPS	Boss DPS
Respec Guide	Yeniden Dağıtım Rehberi
Boots	Çizmeler
Needs enough crit and Mana.	Yeterli eleştiri ve Mana gerektirir.
Is the staff still a tier-appropriate base?	Asa hâlâ uygun tier'da bir temel mi?
Are resistances and life solved (i.e. staff is the real bottleneck)?	Dirençler ve can çözüldü mü (yani asa gerçek darboğaz mı)?
Swap the under-tier staff before touching jewelry.	Mücevhere dokunmadan önce düşük tier asayı değiştir.
Relying only on kill-regen?	Yalnızca öldürme-yenilenmesine mi güveniyorsun?
Are Mana Remnants / leech / flasks active in bossing?	Mana Kalıntıları / sızma / iksirler boss dövüşünde aktif mi?
Is Forced Outcome taken?	Zorunlu Sonuç alındı mı?
Is Cast on Critical crit sufficient?	Kritikte Büyü eleştirisi yeterli mi?
Does Mana support continuous trigger?	Mana sürekli tetiklemeyi destekliyor mu?
Reactively upgrade the staff when clear slows.	Temizlik yavaşladığında asayı tepkisel olarak yükselt.
Is the staff still a tier base?	Asa hâlâ bir tier temeli mi?
Mana management	Mana yönetimi
65+	65+
Clear	Temizlik
Poison	Zehir
Weapon physical DPS	Silah fiziksel DPS
Poison magnitude	Zehir büyüklüğü
Added chaos	Eklenen kaos
Conditional	Koşullu
Poison base	Zehir temeli
Mana problems	Mana sorunları
Armor/block sufficient?	Zırh/blok yeterli mi?
Is the wall raised in attack gaps?	Duvar saldırı boşluklarında kaldırıldı mı?
Only after survival and cap are stable.	Yalnızca hayatta kalma ve tavan kararlı olduğunda.
Minion skill level	Yançı beceri seviyesi
Only stacking damage, ignoring sentry survival?	Yalnızca hasar yığıyor, gözcü hayatta kalmasını mı yok sayıyorsun?
Faster trigger rhythm.	Daha hızlı tetikleme ritmi.
Prerequisite for CoC.	CoC için ön koşul.
Crit enough?	Eleştiri yeterli mi?
Cast speed at threshold?	Eşikte büyü hızı?
Low-Mana death	Düşük Mana ölümü
MoM/ES active?	MoM/ES aktif mi?
Mana pool enough?	Mana havuzu yeterli mi?
Staff tier base?	Asa tier temeli?
Crit Chance	Eleştiri Şansı
Life / Resistances	Can / Dirençler
1 — Crit Base	1 — Eleştiri Temeli
Key unique	Anahtar benzersiz
Dexterity	Çeviklik
Belt	Kemer
Boss demonstration	Boss gösterimi
Block Chance	Blok Şansı
Survive the melee you stand in.	İçinde durduğun yakın dövüşü atlat.
Clear feels slow on packs	Paketlerde temizlik yavaş hissettiriyor
Pasteable import string / .build pending PC verification.	Yapıştırılabilir içe aktarma dizesi / .build, PC doğrulaması beklemededir.
How to get	Nasıl alınır
Use at the gate	Kapıda kullan
What it is	Nedir
Stable structure; exact curve coefficients version-sensitive	Kararlı yapı; tam eğri katsayıları sürüme duyarlıdır.
Common misreads	Yaygın yanlış okumalar
Common player questions	Yaygın oyuncu soruları
Ailment	Rahatsızlık
Staunching	Durdurma
Antidote	Panzehir
Dousing	Söndürme
Chill	Soğutma
Sapphire	Safir
Thawing	Çözülme
Stun	Sersemleme
Stone	Taş
How do I get Runic Ward?	Runic Ward nasıl alınır?
Best for	En iyi
Pure Armour	Saf Zırh
Pure Energy Shield	Saf Enerji Kalkanı
Energy Shield only	Yalnızca Enerji Kalkanı
Evasion gear	Kaçınma ekipmanı
General fix	Genel düzeltme
Clear 7 rooms	7 odayı temizle
Honour drains too fast	Onur çok hızlı tükeniyor
Campaign completed and the Atlas map screen unlocked	Kampanya tamamlandı ve Atlas harita ekranı kilidi açıldı
4 points in Doryani	Doryani'de 4 puan
Timing	Zamanlama
Complete Path of Exile 2 Twister Spirit Walker build guide on the 0.5.4 baseline.	Path of Exile 2 Twister Spirit Walker yapı rehberinin 0.5.4 temeli üzerinde tamamı.
Complete guide for a Path of Exile 2 Whirling Assault Martial Artist build on the 0.5.4 baseline.	Path of Exile 2 Whirling Assault Martial Artist yapısı için 0.5.4 temeli üzerinde rehberin tamamı.
Flat physical staff, physical supports	Düz fiziksel asa, fiziksel destekler
Community build concept, planner and gameplay	Topluluk yapı konsepti, planlayıcı ve oynanış
PoB2 export for the community build concept	Topluluk yapı konsepti için PoB2 dışa aktarımı
Community question about missing Whirling Assault transition steps	Eksik Whirling Assault geçiş adımları hakkında topluluk sorusu
Source-video summary	Kaynak-video özeti
Updated Twister Spirit Walker endgame discussion	Güncellenmiş Twister Spirit Walker endgame tartışması
Current 0.5 guide by Peuget2 used as the primary independent cross-check.	Peuget2 tarafından hazırlanan güncel 0.5 rehberi, birincil bağımsız çapraz kontrol olarak kullanıldı.
Only verified build-specific modifiers.	Yalnızca doğrulanmış yapıya özgü değiştiriciler.
